{
    "now": "2026-02-25T12:09:37.482Z",
    "perfNow": 29354974.299999997,
    "diagnosticCorrelation": "c4dc9efb-10bf-4ceb-9212-4b2dc2abc184",
    "source": "DownloadSupportFiles",
    "environment": {
        "productName": "adf",
        "buildVersion": "1.0.021826.3",
        "environmentType": 3,
        "resourceName": "tokyo-olympic-df-yasangi",
        "resourceRegion": "swedencentral",
        "resourceGroup": "tokyo-olympic",
        "subscriptionId": "b1ea8703-7312-46b1-bd58-9c1e909d79c6",
        "sessionId": "wlHDhvgmPzGYN/XaevyJOg",
        "operationId": "",
        "gitType": "live",
        "loggingKey": "2d1fa144-23d4-4cb8-bb67-87224265eda3"
    },
    "additionalInfo": {
        "selectedResource": "Olympic_Data_Ingestion_Pipeline",
        "selectedResourceType": "pipeline"
    }
}